nome,descricao,detalhe_url,inscricao_url,carga_horaria,unidade,modalidade,nivel,area,modal_id
COMPETÊNCIA TRANSVERSAL - LÓGICA DE PROGRAMAÇÃO,Tecnologia da Informação e Informática,"javascript:openModalInfo('Compet%C3%AAncia Transversal - L%C3%B3gica de Programa%C3%A7%C3%A3o' ,95088);",,14 horas SAIBA MAIS,SENAI Santana de Parnaíba,A Distância,Cursos Livres,Tecnologia da Informação e Informática,
DESVENDANDO A BLOCKCHAIN,Tecnologia da Informação e Informática,"javascript:openModalInfo('Desvendando a Blockchain' ,87241);",,20 horas SAIBA MAIS,SENAI Santana de Parnaíba,A Distância,Cursos Livres,Tecnologia da Informação e Informática,
DESVENDANDO O 5G,Tecnologia da Informação e Informática,"javascript:openModalInfo('Desvendando o 5G' ,95993);",,15 horas SAIBA MAIS,SENAI Santana de Parnaíba,A Distância,Cursos Livres,Tecnologia da Informação e Informática,
EXCEL BÁSICO,Tecnologia da Informação e Informática,"javascript:openModalInfo('Excel B%C3%A1sico' ,92632);",,20 horas SAIBA MAIS,SENAI Santana de Parnaíba,A Distância,Cursos Livres,Tecnologia da Informação e Informática,
POR DENTRO DA COMPUTAÇÃO QUÂNTICA,Tecnologia da Informação e Informática,"javascript:openModalInfo('POR DENTRO DA COMPUTA%C3%87%C3%83O QU%C3%82NTICA' ,102884);",,4 horas SAIBA MAIS,SENAI Santana de Parnaíba,A Distância,Cursos Livres,Tecnologia da Informação e Informática,
COMPETÊNCIA TRANSVERSAL - TECNOLOGIA DA INFORMAÇÃO E COMUNICAÇÃO,Tecnologia da Informação e Informática,"javascript:openModalInfo('Compet%C3%AAncia Transversal - Tecnologia da Informa%C3%A7%C3%A3o e Comunica%C3%A7%C3%A3o' ,78400);",,14 horas SAIBA MAIS,SENAI Santana de Parnaíba,A Distância,Cursos Livres,Tecnologia da Informação e Informática,
DESVENDANDO DATA CENTERS,Tecnologia da Informação e Informática,"javascript:openModalInfo('Desvendando Data Centers' ,108980);",,20 horas SAIBA MAIS,SENAI Santana de Parnaíba,A Distância,Cursos Livres,Tecnologia da Informação e Informática,
ÉTICA NA INTELIGÊNCIA ARTIFICIAL,Tecnologia da Informação e Informática,"javascript:openModalInfo('%C3%89tica na Intelig%C3%AAncia Artificial' ,103483);",,4 horas SAIBA MAIS,SENAI Santana de Parnaíba,A Distância,Cursos Livres,Tecnologia da Informação e Informática,
FLUÊNCIA - FUNDAMENTOS DA INTELIGÊNCIA ARTIFICIAL,Tecnologia da Informação e Informática,"javascript:openModalInfo('FLU%C3%8ANCIA - FUNDAMENTOS DA INTELIG%C3%8ANCIA ARTIFICIAL' ,106253);",,8 horas SAIBA MAIS,SENAI Santana de Parnaíba,A Distância,Cursos Livres,Tecnologia da Informação e Informática,
POR DENTRO DA SEGURANÇA CIBERNÉTICA,Tecnologia da Informação e Informática,"javascript:openModalInfo('Por dentro da Seguran%C3%A7a Cibern%C3%A9tica' ,102411);",,4 horas SAIBA MAIS,SENAI Santana de Parnaíba,A Distância,Cursos Livres,Tecnologia da Informação e Informática,
Aguarde...,"... × Gratuitos SENAI Santana de Parnaíba A Distância Área Administração e Gestão Alimentos e Bebidas Automotiva Construção Civil e Design de Mobiliário Design de Moda, Têxtil, Vestuário, Calçados e Joalheria Design Gráfico, Papel, Celulose, Gráfica e Editorial Fabricação Mecânica e Mecânica Industrial Logística e Transporte Mecatrônica, Sistemas de Automação, Energia e Eletrônica Meio Ambiente, Saude e Segurança do Trabalho Metalurgia e Soldagem Química, Cerâmica e Plásticos Refrigeração e Climatização Tecnologia da Informação e Informática Nível Cursos Livres Cursos Técnicos Aprendiz SENAI Graduação Pós-graduação Superior Extensão Modalidade Presencial A Distância Turno Manhã Tarde Noite Integral Limpar filtros",https://www.sp.senai.br/0,"javascript:openModalTurmas('Compet%C3%AAncia Transversal - L%C3%B3gica de Programa%C3%A7%C3%A3o', 'competencia-transversal-logica-de-programacao', 95088, 135, 'A Dist%C3%A2ncia', 0, 1, 0);","14 horas SAIBA MAIS SENAI ONLINE INSCREVA-SE A Distância Cursos Livres Tecnologia da Informação e Informática DESVENDANDO A BLOCKCHAIN O Curso de Aperfeiçoamento Profissional Desvendando a Blockchain tem por objetivo apres... Carga horária: 20 horas SAIBA MAIS SENAI ONLINE INSCREVA-SE A Distância Cursos Livres Tecnologia da Informação e Informática DESVENDANDO O 5G O curso de Aperfeiçoamento Profissional Desvendando o 5G, tem por objetivo apresentar o... Carga horária: 15 horas SAIBA MAIS SENAI ONLINE INSCREVA-SE A Distância Cursos Livres Tecnologia da Informação e Informática EXCEL BÁSICO O curso Excel Básico tem como objetivo abordar as possibilidades para resolver problema... Carga horária: 20 horas SAIBA MAIS SENAI ONLINE INSCREVA-SE A Distância Cursos Livres Tecnologia da Informação e Informática POR DENTRO DA COMPUTAÇÃO QUÂNTICA O curso de Aperfeiçoamento Profissional Por Dentro da Computação Quântica tem por objet... Carga horária: 4 horas SAIBA MAIS SENAI ONLINE INSCREVA-SE A Distância Cursos Livres Tecnologia da Informação e Informática COMPETÊNCIA TRANSVERSAL - TECNOLOGIA DA INFORMAÇÃO E COMUNICAÇÃO Compreender os processos da Tecnologia da Informação e Comunicação utilizados em um amb... Carga horária: 14 horas SAIBA MAIS SENAI ONLINE INSCREVA-SE A Distância Cursos Livres Tecnologia da Informação e Informática DESVENDANDO DATA CENTERS O Curso de Aperfeiçoamento Profissional Desvendando Data Centers, tem como objetivo int... Carga horária: 20 horas SAIBA MAIS SENAI ONLINE INSCREVA-SE A Distância Cursos Livres Tecnologia da Informação e Informática ÉTICA NA INTELIGÊNCIA ARTIFICIAL O curso de Aperfeiçoamento Profissional em Ética na Inteligência Artificial tem por obj... Carga horária: 4 horas SAIBA MAIS SENAI ONLINE INSCREVA-SE A Distância Cursos Livres Tecnologia da Informação e Informática FLUÊNCIA - FUNDAMENTOS DA INTELIGÊNCIA ARTIFICIAL O curso de FluêncIA - Fundamentos da Inteligência Artificial desenvolve competências re... Carga horária: 8 horas SAIBA MAIS SENAI ONLINE INSCREVA-SE A Distância Cursos Livres Tecnologia da Informação e Informática POR DENTRO DA SEGURANÇA CIBERNÉTICA O curso de Aperfeiçoamento Profissional Por dentro da Segurança Cibernética tem por obj... Carga horária: 4 horas SAIBA MAIS SENAI ONLINE INSCREVA-SE 1 a 10 de 12 1 2 Próximo",SENAI Santana de Parnaíba,A Distância,Cursos Livres,Tecnologia da Informação e Informática,
PREVENÇÃO E REAÇÃO AOS INCIDENTES CIBERNÉTICOS,Tecnologia da Informação e Informática,"javascript:openModalInfo('Preven%C3%A7%C3%A3o e Rea%C3%A7%C3%A3o aos Incidentes Cibern%C3%A9ticos' ,105191);",,4 horas SAIBA MAIS,SENAI Santana de Parnaíba,A Distância,Cursos Livres,Tecnologia da Informação e Informática,
REGULAMENTAÇÃO DA LGPD E ATUAÇÃO DA ANPD,Tecnologia da Informação e Informática,"javascript:openModalInfo('REGULAMENTA%C3%87%C3%83O DA LGPD E ATUA%C3%87%C3%83O DA ANPD' ,105192);",,4 horas SAIBA MAIS,SENAI Santana de Parnaíba,A Distância,Cursos Livres,Tecnologia da Informação e Informática,
